5.14,08:40,4,30,2020
5.15,08:40,4,30,2020
5.14,08:41,4,30,2020
5.14,08:41,4,30,2020
5.14,08:42,4,30,2020
5.14,08:42,4,30,2020
5.14,08:43,4,30,2020
5.14,08:43,4,30,2020
5.14,08:44,4,30,2020
5.14,08:44,4,30,2020
5.14,08:45,4,30,2020
5.15,08:46,4,30,2020
5.14,08:46,4,30,2020
5.15,08:47,4,30,2020
5.15,08:47,4,30,2020
5.15,08:48,4,30,2020
5.15,08:48,4,30,2020
5.15,08:49,4,30,2020
5.14,08:49,4,30,2020
5.14,08:50,4,30,2020
5.14,08:50,4,30,2020
5.14,08:51,4,30,2020
5.14,08:51,4,30,2020
5.14,08:52,4,30,2020
5.14,08:52,4,30,2020
5.14,08:53,4,30,2020
5.14,08:53,4,30,2020
5.14,08:54,4,30,2020
5.14,08:54,4,30,2020
5.13,08:55,4,30,2020
5.12,08:55,4,30,2020
5.12,08:56,4,30,2020
5.12,08:56,4,30,2020
5.12,08:57,4,30,2020
5.13,08:57,4,30,2020
5.12,08:58,4,30,2020
5.11,08:58,4,30,2020
5.11,08:59,4,30,2020
5.12,08:59,4,30,2020
5.11,09:00,4,30,2020
5.11,09:00,4,30,2020
5.11,09:01,4,30,2020
5.11,09:01,4,30,2020
5.09,09:02,4,30,2020
5.09,09:02,4,30,2020
5.08,09:03,4,30,2020
5.09,09:03,4,30,2020
5.08,09:04,4,30,2020
5.09,09:04,4,30,2020
5.07,09:05,4,30,2020
5.07,09:05,4,30,2020
5.08,09:06,4,30,2020
5.09,09:06,4,30,2020
5.09,09:07,4,30,2020
5.09,09:08,4,30,2020
5.09,09:08,4,30,2020
5.09,09:09,4,30,2020
5.09,09:09,4,30,2020
5.09,09:10,4,30,2020
5.10,09:10,4,30,2020
5.11,09:11,4,30,2020
5.09,09:11,4,30,2020
5.10,09:12,4,30,2020
5.10,09:12,4,30,2020
5.09,09:13,4,30,2020
5.09,09:13,4,30,2020
5.09,09:14,4,30,2020
5.09,09:14,4,30,2020
5.09,09:15,4,30,2020
5.09,09:15,4,30,2020
5.09,09:16,4,30,2020
5.11,09:16,4,30,2020
5.11,09:17,4,30,2020
5.11,09:17,4,30,2020
5.11,09:18,4,30,2020
5.11,09:18,4,30,2020
5.11,09:19,4,30,2020
5.09,09:19,4,30,2020
5.09,09:20,4,30,2020
5.09,09:20,4,30,2020
5.09,09:21,4,30,2020
5.09,09:21,4,30,2020
5.10,09:22,4,30,2020
5.09,09:22,4,30,2020
5.10,09:23,4,30,2020
5.09,09:23,4,30,2020
5.11,09:24,4,30,2020
5.09,09:24,4,30,2020
5.09,09:25,4,30,2020
5.09,09:25,4,30,2020
5.09,09:26,4,30,2020
5.10,09:26,4,30,2020
5.09,09:27,4,30,2020
5.09,09:27,4,30,2020
5.09,09:28,4,30,2020
5.09,09:28,4,30,2020
5.09,09:29,4,30,2020
5.10,09:29,4,30,2020
5.08,09:30,4,30,2020
5.08,09:31,4,30,2020
5.07,09:31,4,30,2020
5.08,09:32,4,30,2020
5.07,09:32,4,30,2020
5.07,09:33,4,30,2020
5.08,09:33,4,30,2020
5.07,09:34,4,30,2020
5.08,09:34,4,30,2020
5.07,09:35,4,30,2020
5.08,09:35,4,30,2020
5.08,09:36,4,30,2020
5.08,09:36,4,30,2020
5.08,09:37,4,30,2020
5.09,09:37,4,30,2020
5.09,09:38,4,30,2020
5.09,09:38,4,30,2020
5.09,09:39,4,30,2020
5.09,09:39,4,30,2020
5.09,09:40,4,30,2020
5.09,09:40,4,30,2020
5.10,09:41,4,30,2020
5.09,09:41,4,30,2020
5.09,09:42,4,30,2020
5.10,09:42,4,30,2020
5.10,09:43,4,30,2020
5.09,09:43,4,30,2020
5.09,09:44,4,30,2020
5.09,09:44,4,30,2020
5.09,09:45,4,30,2020
5.09,09:45,4,30,2020
5.08,09:46,4,30,2020
5.07,09:46,4,30,2020
5.07,09:47,4,30,2020
5.09,09:47,4,30,2020
5.08,09:48,4,30,2020
5.09,09:48,4,30,2020
5.09,09:49,4,30,2020
5.09,09:49,4,30,2020
5.09,09:50,4,30,2020
5.09,09:50,4,30,2020
5.09,09:51,4,30,2020
5.09,09:51,4,30,2020
5.10,09:52,4,30,2020
5.10,09:53,4,30,2020
5.09,09:53,4,30,2020
5.09,09:54,4,30,2020
5.09,09:54,4,30,2020
5.11,09:55,4,30,2020
5.09,09:55,4,30,2020
5.09,09:56,4,30,2020
5.09,09:56,4,30,2020
5.11,09:57,4,30,2020
5.11,09:57,4,30,2020
5.12,09:58,4,30,2020
5.12,09:58,4,30,2020
5.11,09:59,4,30,2020
5.12,09:59,4,30,2020
5.10,10:00,4,30,2020
5.10,10:00,4,30,2020
5.09,10:01,4,30,2020
5.09,10:01,4,30,2020
5.08,10:02,4,30,2020
5.09,10:02,4,30,2020
5.09,10:03,4,30,2020
5.09,10:03,4,30,2020
5.08,10:04,4,30,2020
5.09,10:04,4,30,2020
5.07,10:05,4,30,2020
5.08,10:05,4,30,2020
5.08,10:06,4,30,2020
5.08,10:06,4,30,2020
5.09,10:07,4,30,2020
5.08,10:07,4,30,2020
5.09,10:08,4,30,2020
5.09,10:08,4,30,2020
5.09,10:09,4,30,2020
5.08,10:09,4,30,2020
5.08,10:10,4,30,2020
5.08,10:10,4,30,2020
5.08,10:11,4,30,2020
5.07,10:11,4,30,2020
5.08,10:12,4,30,2020
5.08,10:12,4,30,2020
5.09,10:13,4,30,2020
5.09,10:13,4,30,2020
5.09,10:14,4,30,2020
5.09,10:14,4,30,2020
5.09,10:15,4,30,2020
5.09,10:16,4,30,2020
5.09,10:16,4,30,2020
5.10,10:17,4,30,2020
5.09,10:17,4,30,2020
5.09,10:18,4,30,2020
5.09,10:18,4,30,2020
5.09,10:19,4,30,2020
5.09,10:19,4,30,2020
5.10,10:20,4,30,2020
5.10,10:20,4,30,2020
5.11,10:21,4,30,2020
5.09,10:21,4,30,2020
5.09,10:22,4,30,2020
5.10,10:22,4,30,2020
5.09,10:23,4,30,2020
5.09,10:23,4,30,2020
5.10,10:24,4,30,2020
5.09,10:24,4,30,2020
5.09,10:25,4,30,2020
5.09,10:25,4,30,2020
5.09,10:26,4,30,2020
5.09,10:26,4,30,2020
5.09,10:27,4,30,2020
5.09,10:27,4,30,2020
5.09,10:28,4,30,2020
5.10,10:28,4,30,2020
5.09,10:29,4,30,2020
5.09,10:29,4,30,2020
5.08,10:30,4,30,2020
5.09,10:30,4,30,2020
5.09,10:31,4,30,2020
5.09,10:31,4,30,2020
5.09,10:32,4,30,2020
5.09,10:32,4,30,2020
5.09,10:33,4,30,2020
5.09,10:33,4,30,2020
5.09,10:34,4,30,2020
5.09,10:34,4,30,2020
5.09,10:35,4,30,2020
5.09,10:35,4,30,2020
5.09,10:36,4,30,2020
5.09,10:37,4,30,2020
5.09,10:37,4,30,2020
5.09,10:38,4,30,2020
5.09,10:38,4,30,2020
5.09,10:39,4,30,2020
5.09,10:39,4,30,2020
5.09,10:40,4,30,2020
5.09,10:40,4,30,2020
5.09,10:41,4,30,2020
5.09,10:41,4,30,2020
5.08,10:42,4,30,2020
5.09,10:42,4,30,2020
5.09,10:43,4,30,2020
5.09,10:43,4,30,2020
5.08,10:44,4,30,2020
5.09,10:44,4,30,2020
5.08,10:45,4,30,2020
5.09,10:45,4,30,2020
5.08,10:46,4,30,2020
5.08,10:46,4,30,2020
5.09,10:47,4,30,2020
5.08,10:47,4,30,2020
5.07,10:48,4,30,2020
5.08,10:48,4,30,2020
5.08,10:49,4,30,2020
5.09,10:49,4,30,2020
5.08,10:50,4,30,2020
5.09,10:50,4,30,2020
5.08,10:51,4,30,2020
5.09,10:51,4,30,2020
5.08,10:52,4,30,2020
5.08,10:52,4,30,2020
5.07,10:53,4,30,2020
5.07,10:53,4,30,2020
5.08,10:54,4,30,2020
5.07,10:55,4,30,2020
5.08,10:55,4,30,2020
5.08,10:56,4,30,2020
5.07,10:56,4,30,2020
5.07,10:57,4,30,2020
5.07,10:57,4,30,2020
5.07,10:58,4,30,2020
5.07,10:58,4,30,2020
5.08,10:59,4,30,2020
5.07,10:59,4,30,2020
5.07,11:00,4,30,2020
5.07,11:00,4,30,2020
5.08,11:01,4,30,2020
5.06,11:01,4,30,2020
5.07,11:02,4,30,2020
5.07,11:02,4,30,2020
5.07,11:03,4,30,2020
5.09,11:03,4,30,2020
5.09,11:04,4,30,2020
5.09,11:04,4,30,2020
5.09,11:05,4,30,2020
5.09,11:05,4,30,2020
5.09,11:06,4,30,2020
5.09,11:06,4,30,2020
5.09,11:07,4,30,2020
5.09,11:07,4,30,2020
5.09,11:08,4,30,2020
5.09,11:08,4,30,2020
5.08,11:09,4,30,2020
5.09,11:09,4,30,2020
5.09,11:10,4,30,2020
5.10,11:10,4,30,2020
5.09,11:11,4,30,2020
5.09,11:11,4,30,2020
5.09,11:12,4,30,2020
5.09,11:12,4,30,2020
5.09,11:13,4,30,2020
5.09,11:14,4,30,2020
5.09,11:14,4,30,2020
5.10,11:15,4,30,2020
5.10,11:15,4,30,2020
5.10,11:16,4,30,2020
5.08,11:16,4,30,2020
5.09,11:17,4,30,2020
5.09,11:17,4,30,2020
5.10,11:18,4,30,2020
5.09,11:18,4,30,2020
5.09,11:19,4,30,2020
5.10,11:19,4,30,2020
5.09,11:20,4,30,2020
5.10,11:20,4,30,2020
5.10,11:21,4,30,2020
5.11,11:21,4,30,2020
5.11,11:22,4,30,2020
5.11,11:22,4,30,2020
5.11,11:23,4,30,2020
5.11,11:23,4,30,2020
5.11,11:24,4,30,2020
5.11,11:24,4,30,2020
5.12,11:25,4,30,2020
5.12,11:25,4,30,2020
5.11,11:26,4,30,2020
5.11,11:26,4,30,2020
5.11,11:27,4,30,2020
5.10,11:27,4,30,2020
5.11,11:28,4,30,2020
5.11,11:28,4,30,2020
5.10,11:29,4,30,2020
5.11,11:29,4,30,2020
5.11,11:30,4,30,2020
5.12,11:31,4,30,2020
5.12,11:31,4,30,2020
5.12,11:32,4,30,2020
5.12,11:32,4,30,2020
5.13,11:33,4,30,2020
5.12,11:33,4,30,2020
5.12,11:34,4,30,2020
5.12,11:34,4,30,2020
5.12,11:35,4,30,2020
5.11,11:35,4,30,2020
5.12,11:36,4,30,2020
5.11,11:36,4,30,2020
5.11,11:37,4,30,2020
5.11,11:37,4,30,2020
5.11,11:38,4,30,2020
5.11,11:38,4,30,2020
5.10,11:39,4,30,2020
5.11,11:39,4,30,2020
5.10,11:40,4,30,2020
5.10,11:40,4,30,2020
5.10,11:41,4,30,2020
5.10,11:41,4,30,2020
5.11,11:42,4,30,2020
5.11,11:42,4,30,2020
5.11,11:43,4,30,2020
5.11,11:43,4,30,2020
5.11,11:44,4,30,2020
5.12,11:44,4,30,2020
5.11,11:45,4,30,2020
5.11,11:46,4,30,2020
5.12,11:46,4,30,2020
5.12,11:47,4,30,2020
5.12,11:47,4,30,2020
5.12,11:48,4,30,2020
5.12,11:48,4,30,2020
5.12,11:49,4,30,2020
5.12,11:49,4,30,2020
5.12,11:50,4,30,2020
5.13,11:50,4,30,2020
5.11,11:51,4,30,2020
5.12,11:51,4,30,2020
5.12,11:52,4,30,2020
5.12,11:52,4,30,2020
5.11,11:53,4,30,2020
5.11,11:53,4,30,2020
5.11,11:54,4,30,2020
5.12,11:54,4,30,2020
5.11,11:55,4,30,2020
5.11,11:55,4,30,2020
5.11,11:56,4,30,2020
5.11,11:57,4,30,2020
5.11,11:57,4,30,2020
5.11,11:58,4,30,2020
5.11,11:58,4,30,2020
5.11,11:59,4,30,2020
5.11,11:59,4,30,2020
5.11,12:00,4,30,2020
5.12,12:00,4,30,2020
5.11,12:01,4,30,2020
5.12,12:01,4,30,2020
5.11,12:02,4,30,2020
5.11,12:02,4,30,2020
5.11,12:03,4,30,2020
5.11,12:03,4,30,2020
5.11,12:04,4,30,2020
5.11,12:04,4,30,2020
5.11,12:05,4,30,2020
5.11,12:05,4,30,2020
5.11,12:06,4,30,2020
5.11,12:06,4,30,2020
5.11,12:07,4,30,2020
5.11,12:08,4,30,2020
5.11,12:08,4,30,2020
5.11,12:09,4,30,2020
5.11,12:09,4,30,2020
5.11,12:10,4,30,2020
5.11,12:10,4,30,2020
5.12,12:11,4,30,2020
5.12,12:11,4,30,2020
5.11,12:12,4,30,2020
5.11,12:12,4,30,2020
5.11,12:13,4,30,2020
5.11,12:13,4,30,2020
5.11,12:14,4,30,2020
5.11,12:14,4,30,2020
5.11,12:15,4,30,2020
5.13,12:15,4,30,2020
5.12,12:16,4,30,2020
5.12,12:16,4,30,2020
5.11,12:17,4,30,2020
5.12,12:17,4,30,2020
5.11,12:18,4,30,2020
5.11,12:18,4,30,2020
5.11,12:19,4,30,2020
5.12,12:20,4,30,2020
5.11,12:20,4,30,2020
5.11,12:21,4,30,2020
5.11,12:21,4,30,2020
5.11,12:22,4,30,2020
5.11,12:22,4,30,2020
5.13,12:23,4,30,2020
5.12,12:23,4,30,2020
5.12,12:24,4,30,2020
5.12,12:24,4,30,2020
5.12,12:25,4,30,2020
5.12,12:25,4,30,2020
5.12,12:26,4,30,2020
5.12,12:26,4,30,2020
5.12,12:27,4,30,2020
5.12,12:27,4,30,2020
5.11,12:28,4,30,2020
5.11,12:28,4,30,2020
5.11,12:29,4,30,2020
5.11,12:30,4,30,2020
5.11,12:30,4,30,2020
5.11,12:31,4,30,2020
5.11,12:31,4,30,2020
5.11,12:32,4,30,2020
5.11,12:32,4,30,2020
5.11,12:33,4,30,2020
5.11,12:33,4,30,2020
5.11,12:34,4,30,2020
5.11,12:34,4,30,2020
5.12,12:35,4,30,2020
5.11,12:35,4,30,2020
5.11,12:36,4,30,2020
5.11,12:36,4,30,2020
5.09,12:37,4,30,2020
5.11,12:37,4,30,2020
5.11,12:38,4,30,2020
5.09,12:38,4,30,2020
5.09,12:39,4,30,2020
5.10,12:39,4,30,2020
5.11,12:40,4,30,2020
5.09,12:41,4,30,2020
5.09,12:41,4,30,2020
5.09,12:42,4,30,2020
5.09,12:42,4,30,2020
5.09,12:43,4,30,2020
5.09,12:43,4,30,2020
5.10,12:44,4,30,2020
5.10,12:44,4,30,2020
5.11,12:45,4,30,2020
5.10,12:45,4,30,2020
5.10,12:46,4,30,2020
5.11,12:46,4,30,2020
5.10,12:47,4,30,2020
5.11,12:47,4,30,2020
5.10,12:48,4,30,2020
5.10,12:49,4,30,2020
5.10,12:49,4,30,2020
5.09,12:50,4,30,2020
5.11,12:50,4,30,2020
5.11,12:51,4,30,2020
5.11,12:51,4,30,2020
5.12,12:52,4,30,2020
5.12,12:52,4,30,2020
5.11,12:53,4,30,2020
5.11,12:53,4,30,2020
5.11,12:54,4,30,2020
5.11,12:54,4,30,2020
5.11,12:55,4,30,2020
5.11,12:55,4,30,2020
5.10,12:56,4,30,2020
5.10,12:57,4,30,2020
